Compression_Method,Annual_Data_GB,AWS_S3_Annual_Cost_USD,IPFS_Annual_Cost_USD,AWS_Compression_Savings_USD,IPFS_Compression_Savings_USD,IPFS_vs_AWS_Savings_USD,Total_Cost_Reduction_%
Uncompressed,307968.75,84999.375,554343.75,0.0,0.0,-469344.375,-552.1739130434783
Huffman,200179.6875,55249.59375,360323.4375,29749.78125,194020.3125,-305073.84375,-323.9130434782609
EB-HC(Axis),129346.875,35699.7375,232824.375,49299.6375,321519.375,-197124.6375,-173.91304347826087
EB-HC(L2),117028.125,32299.762499999997,210650.625,52699.6125,343693.125,-178350.8625,-147.82608695652172
EB-HC-3D(Axis),70832.8125,19549.856249999997,127499.0625,65449.51875,426844.6875,-107949.20625,-50.0
EB-HC-3D(L2),64673.4375,17849.86875,116412.1875,67149.50625,437931.5625,-98562.31875,-36.95652173913043
