Compression_Method,Compression_Ratio,Daily_Data_GB,Annual_Data_GB,Uncompressed_Annual_GB,Storage_Saved_GB,Storage_Savings_%,Uncompressed_Upload_Hours,Compressed_Upload_Hours,Upload_Time_Saved_Hours,Upload_Time_Savings_%
Uncompressed,1.0,843.75,307968.75,307968.75,0.0,0.0,70080.0,70080.0,0.0,0.0
Huffman,0.65,548.4375,200179.6875,307968.75,107789.0625,35.0,70080.0,45552.0,24528.0,35.0
EB-HC(Axis),0.42,354.375,129346.875,307968.75,178621.875,58.00000000000001,70080.0,29433.6,40646.4,58.00000000000001
EB-HC(L2),0.38,320.625,117028.125,307968.75,190940.625,62.0,70080.0,26630.4,43449.6,62.0
EB-HC-3D(Axis),0.23,194.0625,70832.8125,307968.75,237135.9375,77.0,70080.0,16118.4,53961.6,77.0
EB-HC-3D(L2),0.21,177.1875,64673.4375,307968.75,243295.3125,79.0,70080.0,14716.8,55363.2,79.0
